-- phpMyAdmin SQL Dump
-- version 5.2.0
-- https://www.phpmyadmin.net/
--
-- Host: 127.0.0.1
-- Generation Time: Jun 15, 2023 at 06:20 PM
-- Server version: 10.4.27-MariaDB
-- PHP Version: 8.2.0

SET SQL_MODE = "NO_AUTO_VALUE_ON_ZERO";
START TRANSACTION;
SET time_zone = "+00:00";


/*!40101 SET @OLD_CHARACTER_SET_CLIENT=@@CHARACTER_SET_CLIENT */;
/*!40101 SET @OLD_CHARACTER_SET_RESULTS=@@CHARACTER_SET_RESULTS */;
/*!40101 SET @OLD_COLLATION_CONNECTION=@@COLLATION_CONNECTION */;
/*!40101 SET NAMES utf8mb4 */;

--
-- Database: `spk_new`
--

-- --------------------------------------------------------

--
-- Table structure for table `bobot`
--

CREATE TABLE `bobot` (
  `id` int(11) NOT NULL,
  `kode_bobot` varchar(15) NOT NULL,
  `jumlah` int(5) NOT NULL,
  `keterangan` text DEFAULT NULL
) ENGINE=InnoDB DEFAULT CHARSET=latin1 COLLATE=latin1_swedish_ci;

--
-- Dumping data for table `bobot`
--

INSERT INTO `bobot` (`id`, `kode_bobot`, `jumlah`, `keterangan`) VALUES
(1, 'B001', 1, 'Sangat Buruk'),
(2, 'B002', 2, 'Buruk'),
(3, 'B003', 3, 'Cukup'),
(4, 'B004', 4, 'Baik'),
(5, 'B005', 5, 'Sangat Baik');

-- --------------------------------------------------------

--
-- Table structure for table `guru`
--

CREATE TABLE `guru` (
  `id` int(11) NOT NULL,
  `kode` varchar(15) NOT NULL,
  `nama` varchar(50) NOT NULL,
  `daerah` text DEFAULT NULL,
  `jenis_wisata` varchar(10) DEFAULT NULL,
  `no_telp` varchar(15) DEFAULT NULL
) ENGINE=InnoDB DEFAULT CHARSET=latin1 COLLATE=latin1_swedish_ci;

--
-- Dumping data for table `guru`
--

INSERT INTO `guru` (`id`, `kode`, `nama`, `daerah`, `jenis_wisata`, `no_telp`) VALUES
(1, 'A1', '101A', 'Kab Malang', 'sas', '088990099'),
(2, 'A2', '101B', 'Malang', 'asa', '088990099'),
(3, 'A3', '101C', 'qwe', 'asa', '11'),
(4, 'A4', '101D', 'asa', 'as', '11'),
(5, 'A5', '101E', 'ert', 'tyu', '11'),
(6, 'A6', '101F', 'qweqw', 'qw', '11'),
(7, 'A7', '101G', 'sdfghj', 'rty', '34'),
(8, 'A8', '101H', 'qwertyu', 'qwe', '123'),
(9, 'A9', '101I', 'dfghj', 'dfg', '234'),
(10, 'A10', '101J', 'qwertyu', 'werty', '23456'),
(11, 'A11', '101K', 'wertyu', 'werty', '1234'),
(12, 'A12', '101L', 'qwertyu', 'werty', '123456'),
(13, 'A13', '101M', 'QWERTYU', 'WERTY', '12345'),
(14, 'A14', '101N', 'werty', 'werty', '2345'),
(15, 'A15', '101O', 'wert', 'wert', '23456'),
(16, 'A16', '101P', 'wertyu', 'ertyu', '23456'),
(17, 'A17', '101Q', NULL, NULL, NULL),
(18, 'A18', '101R', NULL, NULL, NULL),
(19, 'A19', '101S', NULL, NULL, NULL),
(20, 'A10', '101T', NULL, NULL, NULL),
(21, 'A21', '101U', NULL, NULL, NULL),
(22, 'A22', '101V', '\r\n', NULL, NULL),
(23, 'A23', '101W', NULL, NULL, NULL),
(24, 'A24', '101X', NULL, NULL, NULL),
(25, 'A25', '101Y', NULL, NULL, NULL),
(26, 'A26', '101Z', NULL, NULL, NULL),
(27, 'A27', '101AA', NULL, NULL, NULL),
(28, 'A28', '101AB', NULL, NULL, NULL),
(29, 'A29', '101AC', NULL, NULL, NULL),
(30, 'A30', '101AD', NULL, NULL, NULL),
(31, 'A31', '101AE', NULL, NULL, NULL),
(32, 'A32', '101AF', NULL, NULL, NULL),
(33, 'A33', '101AG', NULL, NULL, NULL),
(34, 'A34', '101AH', NULL, NULL, NULL),
(35, 'A35', '101AI', NULL, NULL, NULL),
(36, 'A35', '101AJ', NULL, NULL, NULL),
(37, 'A37', '101AK', NULL, NULL, NULL);

-- --------------------------------------------------------

--
-- Table structure for table `kriteria`
--

CREATE TABLE `kriteria` (
  `id` int(11) NOT NULL,
  `kode_kriteria` varchar(15) NOT NULL,
  `nama_kriteria` varchar(30) NOT NULL,
  `kategori` varchar(35) DEFAULT NULL,
  `bobot` int(2) NOT NULL DEFAULT 1
) ENGINE=InnoDB DEFAULT CHARSET=latin1 COLLATE=latin1_swedish_ci;

--
-- Dumping data for table `kriteria`
--

INSERT INTO `kriteria` (`id`, `kode_kriteria`, `nama_kriteria`, `kategori`, `bobot`) VALUES
(1, 'C1', 'Podasi', 'Benefit/Keuntungan', 3),
(2, 'C2', 'Kondisi Sloof', 'Cost/Biaya', 3),
(3, 'C3', 'Kondisi Kolom/Tiang', 'Cost/Biaya', 4),
(4, 'C4', 'Kondisi Balok', 'Cost/Biaya', 4),
(5, 'C5', 'Kondisi Struktur Atap', 'Benefit/Keuntungan', 2),
(6, 'C6', 'Jendela Lubang/Cahaya', 'Cost/Biaya', 4),
(7, 'C7', 'Ventilasi', 'Cost/Biaya', 5),
(8, 'C8', 'Kodisi KamarMandi', 'Cost/Biaya', 4),
(9, 'C9', 'Sumber Air Minum', 'Cost/Biaya', 3),
(10, 'C10', 'Kondisi Penutup Atap', 'Benefit/Keuntungan', 2),
(11, 'C11', 'Kondisi Dinding', 'Benefit/Keuntungan', 3),
(12, 'C12', 'Kondisi Lantai', 'Benefit/Keuntungan', 3);

-- --------------------------------------------------------

--
-- Table structure for table `nilai_topsis`
--

CREATE TABLE `nilai_topsis` (
  `id` int(11) NOT NULL,
  `kode_nilai_guru` varchar(50) NOT NULL,
  `kode` varchar(15) NOT NULL,
  `kode_kriteria` varchar(15) NOT NULL,
  `angka_penilaian` int(12) NOT NULL,
  `nilai_bobot` int(8) NOT NULL
) ENGINE=InnoDB DEFAULT CHARSET=latin1 COLLATE=latin1_swedish_ci;

--
-- Dumping data for table `nilai_topsis`
--

INSERT INTO `nilai_topsis` (`id`, `kode_nilai_guru`, `kode`, `kode_kriteria`, `angka_penilaian`, `nilai_bobot`) VALUES
(1, 'A10C1', 'A10', 'C1', 4, 3),
(2, 'A10C10', 'A10', 'C10', 3, 4),
(3, 'A10C11', 'A10', 'C11', 3, 3),
(4, 'A10C12', 'A10', 'C12', 5, 3),
(5, 'A10C2', 'A10', 'C2', 3, 5),
(6, 'A10C3', 'A10', 'C3', 3, 5),
(7, 'A10C4', 'A10', 'C4', 3, 5),
(8, 'A10C5', 'A10', 'C5', 4, 5),
(9, 'A10C6', 'A10', 'C6', 4, 5),
(10, 'A10C7', 'A10', 'C7', 4, 5),
(11, 'A10C8', 'A10', 'C8', 3, 5),
(12, 'A10C9', 'A10', 'C9', 3, 3),
(13, 'A11C1', 'A11', 'C1', 5, 3),
(14, 'A11C10', 'A11', 'C10', 4, 4),
(15, 'A11C11', 'A11', 'C11', 5, 3),
(16, 'A11C12', 'A11', 'C12', 5, 3),
(17, 'A11C2', 'A11', 'C2', 5, 5),
(18, 'A11C3', 'A11', 'C3', 5, 5),
(19, 'A11C4', 'A11', 'C4', 5, 5),
(20, 'A11C5', 'A11', 'C5', 5, 5),
(21, 'A11C6', 'A11', 'C6', 5, 5),
(22, 'A11C7', 'A11', 'C7', 5, 5),
(23, 'A11C8', 'A11', 'C8', 5, 5),
(24, 'A11C9', 'A11', 'C9', 3, 3),
(25, 'A12C1', 'A12', 'C1', 4, 3),
(26, 'A12C10', 'A12', 'C10', 4, 4),
(27, 'A12C11', 'A12', 'C11', 3, 3),
(28, 'A12C12', 'A12', 'C12', 4, 3),
(29, 'A12C2', 'A12', 'C2', 3, 5),
(30, 'A12C3', 'A12', 'C3', 3, 5),
(31, 'A12C4', 'A12', 'C4', 5, 5),
(32, 'A12C5', 'A12', 'C5', 4, 5),
(33, 'A12C6', 'A12', 'C6', 4, 5),
(34, 'A12C7', 'A12', 'C7', 4, 5),
(35, 'A12C8', 'A12', 'C8', 5, 5),
(36, 'A12C9', 'A12', 'C9', 3, 3),
(37, 'A13C1', 'A13', 'C1', 3, 3),
(38, 'A13C10', 'A13', 'C10', 4, 4),
(39, 'A13C11', 'A13', 'C11', 3, 3),
(40, 'A13C12', 'A13', 'C12', 4, 3),
(41, 'A13C2', 'A13', 'C2', 3, 5),
(42, 'A13C3', 'A13', 'C3', 4, 5),
(43, 'A13C4', 'A13', 'C4', 4, 5),
(44, 'A13C5', 'A13', 'C5', 5, 5),
(45, 'A13C6', 'A13', 'C6', 3, 5),
(46, 'A13C7', 'A13', 'C7', 4, 5),
(47, 'A13C8', 'A13', 'C8', 4, 5),
(48, 'A13C9', 'A13', 'C9', 3, 3),
(49, 'A14C1', 'A14', 'C1', 4, 3),
(50, 'A14C10', 'A14', 'C10', 3, 4),
(51, 'A14C11', 'A14', 'C11', 3, 3),
(52, 'A14C12', 'A14', 'C12', 3, 3),
(53, 'A14C2', 'A14', 'C2', 4, 5),
(54, 'A14C3', 'A14', 'C3', 4, 5),
(55, 'A14C4', 'A14', 'C4', 4, 5),
(56, 'A14C5', 'A14', 'C5', 3, 5),
(57, 'A14C6', 'A14', 'C6', 3, 5),
(58, 'A14C7', 'A14', 'C7', 3, 5),
(59, 'A14C8', 'A14', 'C8', 5, 5),
(60, 'A14C9', 'A14', 'C9', 3, 3),
(61, 'A15C1', 'A15', 'C1', 3, 3),
(62, 'A15C10', 'A15', 'C10', 4, 4),
(63, 'A15C11', 'A15', 'C11', 3, 3),
(64, 'A15C12', 'A15', 'C12', 4, 3),
(65, 'A15C2', 'A15', 'C2', 3, 5),
(66, 'A15C3', 'A15', 'C3', 3, 5),
(67, 'A15C4', 'A15', 'C4', 4, 5),
(68, 'A15C5', 'A15', 'C5', 4, 5),
(69, 'A15C6', 'A15', 'C6', 4, 5),
(70, 'A15C7', 'A15', 'C7', 4, 5),
(71, 'A15C8', 'A15', 'C8', 5, 5),
(72, 'A15C9', 'A15', 'C9', 4, 3),
(73, 'A16C1', 'A16', 'C1', 3, 3),
(74, 'A16C10', 'A16', 'C10', 4, 4),
(75, 'A16C11', 'A16', 'C11', 3, 3),
(76, 'A16C12', 'A16', 'C12', 4, 3),
(77, 'A16C2', 'A16', 'C2', 3, 5),
(78, 'A16C3', 'A16', 'C3', 3, 5),
(79, 'A16C4', 'A16', 'C4', 4, 5),
(80, 'A16C5', 'A16', 'C5', 3, 5),
(81, 'A16C6', 'A16', 'C6', 4, 5),
(82, 'A16C7', 'A16', 'C7', 4, 5),
(83, 'A16C8', 'A16', 'C8', 4, 5),
(84, 'A16C9', 'A16', 'C9', 4, 3),
(85, 'A17C1', 'A17', 'C1', 4, 3),
(86, 'A17C10', 'A17', 'C10', 3, 4),
(87, 'A17C11', 'A17', 'C11', 3, 3),
(88, 'A17C12', 'A17', 'C12', 3, 3),
(89, 'A17C2', 'A17', 'C2', 3, 5),
(90, 'A17C3', 'A17', 'C3', 3, 5),
(91, 'A17C4', 'A17', 'C4', 4, 5),
(92, 'A17C5', 'A17', 'C5', 3, 5),
(93, 'A17C6', 'A17', 'C6', 3, 5),
(94, 'A17C7', 'A17', 'C7', 3, 5),
(95, 'A17C8', 'A17', 'C8', 5, 5),
(96, 'A17C9', 'A17', 'C9', 3, 3),
(97, 'A18C1', 'A18', 'C1', 5, 3),
(98, 'A18C10', 'A18', 'C10', 5, 4),
(99, 'A18C11', 'A18', 'C11', 5, 3),
(100, 'A18C12', 'A18', 'C12', 5, 3),
(101, 'A18C2', 'A18', 'C2', 5, 5),
(102, 'A18C3', 'A18', 'C3', 4, 5),
(103, 'A18C4', 'A18', 'C4', 4, 5),
(104, 'A18C5', 'A18', 'C5', 5, 5),
(105, 'A18C6', 'A18', 'C6', 5, 5),
(106, 'A18C7', 'A18', 'C7', 5, 5),
(107, 'A18C8', 'A18', 'C8', 5, 5),
(108, 'A18C9', 'A18', 'C9', 4, 3),
(109, 'A19C1', 'A19', 'C1', 4, 3),
(110, 'A19C10', 'A19', 'C10', 4, 4),
(111, 'A19C11', 'A19', 'C11', 3, 3),
(112, 'A19C12', 'A19', 'C12', 4, 3),
(113, 'A19C2', 'A19', 'C2', 4, 5),
(114, 'A19C3', 'A19', 'C3', 3, 5),
(115, 'A19C4', 'A19', 'C4', 3, 5),
(116, 'A19C5', 'A19', 'C5', 4, 5),
(117, 'A19C6', 'A19', 'C6', 4, 5),
(118, 'A19C7', 'A19', 'C7', 5, 5),
(119, 'A19C8', 'A19', 'C8', 3, 5),
(120, 'A19C9', 'A19', 'C9', 3, 3),
(121, 'A1C1', 'A1', 'C1', 3, 3),
(122, 'A1C10', 'A1', 'C10', 4, 4),
(123, 'A1C11', 'A1', 'C11', 4, 3),
(124, 'A1C12', 'A1', 'C12', 4, 3),
(125, 'A1C2', 'A1', 'C2', 4, 5),
(126, 'A1C3', 'A1', 'C3', 5, 5),
(127, 'A1C4', 'A1', 'C4', 4, 5),
(128, 'A1C5', 'A1', 'C5', 3, 5),
(129, 'A1C6', 'A1', 'C6', 4, 5),
(130, 'A1C7', 'A1', 'C7', 5, 5),
(131, 'A1C8', 'A1', 'C8', 5, 5),
(132, 'A1C9', 'A1', 'C9', 4, 3),
(133, 'A20C1', 'A20', 'C1', 5, 3),
(134, 'A20C10', 'A20', 'C10', 5, 4),
(135, 'A20C11', 'A20', 'C11', 5, 3),
(136, 'A20C12', 'A20', 'C12', 5, 3),
(137, 'A20C2', 'A20', 'C2', 5, 5),
(138, 'A20C3', 'A20', 'C3', 5, 5),
(139, 'A20C4', 'A20', 'C4', 5, 5),
(140, 'A20C5', 'A20', 'C5', 5, 5),
(141, 'A20C6', 'A20', 'C6', 5, 5),
(142, 'A20C7', 'A20', 'C7', 5, 5),
(143, 'A20C8', 'A20', 'C8', 5, 5),
(144, 'A20C9', 'A20', 'C9', 4, 3),
(145, 'A21C1', 'A21', 'C1', 3, 3),
(146, 'A21C10', 'A21', 'C10', 3, 4),
(147, 'A21C11', 'A21', 'C11', 4, 3),
(148, 'A21C12', 'A21', 'C12', 4, 3),
(149, 'A21C2', 'A21', 'C2', 3, 5),
(150, 'A21C3', 'A21', 'C3', 3, 5),
(151, 'A21C4', 'A21', 'C4', 3, 5),
(152, 'A21C5', 'A21', 'C5', 4, 5),
(153, 'A21C6', 'A21', 'C6', 4, 5),
(154, 'A21C7', 'A21', 'C7', 5, 5),
(155, 'A21C8', 'A21', 'C8', 5, 5),
(156, 'A21C9', 'A21', 'C9', 4, 3),
(157, 'A22C1', 'A22', 'C1', 4, 3),
(158, 'A22C10', 'A22', 'C10', 4, 4),
(159, 'A22C11', 'A22', 'C11', 4, 3),
(160, 'A22C12', 'A22', 'C12', 4, 3),
(161, 'A22C2', 'A22', 'C2', 4, 5),
(162, 'A22C3', 'A22', 'C3', 4, 5),
(163, 'A22C4', 'A22', 'C4', 4, 5),
(164, 'A22C5', 'A22', 'C5', 3, 5),
(165, 'A22C6', 'A22', 'C6', 3, 5),
(166, 'A22C7', 'A22', 'C7', 3, 5),
(167, 'A22C8', 'A22', 'C8', 4, 5),
(168, 'A22C9', 'A22', 'C9', 3, 3),
(169, 'A23C1', 'A23', 'C1', 4, 3),
(170, 'A23C10', 'A23', 'C10', 3, 4),
(171, 'A23C11', 'A23', 'C11', 3, 3),
(172, 'A23C12', 'A23', 'C12', 3, 3),
(173, 'A23C2', 'A23', 'C2', 4, 5),
(174, 'A23C3', 'A23', 'C3', 3, 5),
(175, 'A23C4', 'A23', 'C4', 4, 5),
(176, 'A23C5', 'A23', 'C5', 3, 5),
(177, 'A23C6', 'A23', 'C6', 3, 5),
(178, 'A23C7', 'A23', 'C7', 3, 5),
(179, 'A23C8', 'A23', 'C8', 5, 5),
(180, 'A23C9', 'A23', 'C9', 3, 3),
(181, 'A24C1', 'A24', 'C1', 4, 3),
(182, 'A24C10', 'A24', 'C10', 3, 4),
(183, 'A24C11', 'A24', 'C11', 3, 3),
(184, 'A24C12', 'A24', 'C12', 4, 3),
(185, 'A24C2', 'A24', 'C2', 4, 5),
(186, 'A24C3', 'A24', 'C3', 4, 5),
(187, 'A24C4', 'A24', 'C4', 4, 5),
(188, 'A24C5', 'A24', 'C5', 3, 5),
(189, 'A24C6', 'A24', 'C6', 3, 5),
(190, 'A24C7', 'A24', 'C7', 3, 5),
(191, 'A24C8', 'A24', 'C8', 4, 5),
(192, 'A24C9', 'A24', 'C9', 3, 3),
(193, 'A25C1', 'A25', 'C1', 4, 3),
(194, 'A25C10', 'A25', 'C10', 4, 4),
(195, 'A25C11', 'A25', 'C11', 4, 3),
(196, 'A25C12', 'A25', 'C12', 4, 3),
(197, 'A25C2', 'A25', 'C2', 4, 5),
(198, 'A25C3', 'A25', 'C3', 3, 5),
(199, 'A25C4', 'A25', 'C4', 3, 5),
(200, 'A25C5', 'A25', 'C5', 4, 5),
(201, 'A25C6', 'A25', 'C6', 4, 5),
(202, 'A25C7', 'A25', 'C7', 4, 5),
(203, 'A25C8', 'A25', 'C8', 3, 5),
(204, 'A25C9', 'A25', 'C9', 3, 3),
(205, 'A26C1', 'A26', 'C1', 3, 3),
(206, 'A26C10', 'A26', 'C10', 5, 4),
(207, 'A26C11', 'A26', 'C11', 4, 3),
(208, 'A26C12', 'A26', 'C12', 3, 3),
(209, 'A26C2', 'A26', 'C2', 3, 5),
(210, 'A26C3', 'A26', 'C3', 3, 5),
(211, 'A26C4', 'A26', 'C4', 3, 5),
(212, 'A26C5', 'A26', 'C5', 4, 5),
(213, 'A26C6', 'A26', 'C6', 4, 5),
(214, 'A26C7', 'A26', 'C7', 4, 5),
(215, 'A26C8', 'A26', 'C8', 4, 5),
(216, 'A26C9', 'A26', 'C9', 3, 3),
(217, 'A27C1', 'A27', 'C1', 4, 3),
(218, 'A27C10', 'A27', 'C10', 3, 4),
(219, 'A27C11', 'A27', 'C11', 4, 3),
(220, 'A27C12', 'A27', 'C12', 3, 3),
(221, 'A27C2', 'A27', 'C2', 4, 5),
(222, 'A27C3', 'A27', 'C3', 4, 5),
(223, 'A27C4', 'A27', 'C4', 4, 5),
(224, 'A27C5', 'A27', 'C5', 3, 5),
(225, 'A27C6', 'A27', 'C6', 5, 5),
(226, 'A27C7', 'A27', 'C7', 5, 5),
(227, 'A27C8', 'A27', 'C8', 5, 5),
(228, 'A27C9', 'A27', 'C9', 3, 3),
(229, 'A28C1', 'A28', 'C1', 5, 3),
(230, 'A28C10', 'A28', 'C10', 3, 4),
(231, 'A28C11', 'A28', 'C11', 5, 3),
(232, 'A28C12', 'A28', 'C12', 4, 3),
(233, 'A28C2', 'A28', 'C2', 5, 5),
(234, 'A28C3', 'A28', 'C3', 5, 5),
(235, 'A28C4', 'A28', 'C4', 5, 5),
(236, 'A28C5', 'A28', 'C5', 4, 5),
(237, 'A28C6', 'A28', 'C6', 4, 5),
(238, 'A28C7', 'A28', 'C7', 4, 5),
(239, 'A28C8', 'A28', 'C8', 5, 5),
(240, 'A28C9', 'A28', 'C9', 4, 3),
(241, 'A29C1', 'A29', 'C1', 4, 3),
(242, 'A29C10', 'A29', 'C10', 3, 4),
(243, 'A29C11', 'A29', 'C11', 3, 3),
(244, 'A29C12', 'A29', 'C12', 4, 3),
(245, 'A29C2', 'A29', 'C2', 4, 5),
(246, 'A29C3', 'A29', 'C3', 4, 5),
(247, 'A29C4', 'A29', 'C4', 4, 5),
(248, 'A29C5', 'A29', 'C5', 3, 5),
(249, 'A29C6', 'A29', 'C6', 3, 5),
(250, 'A29C7', 'A29', 'C7', 3, 5),
(251, 'A29C8', 'A29', 'C8', 4, 5),
(252, 'A29C9', 'A29', 'C9', 3, 3),
(253, 'A2C1', 'A2', 'C1', 4, 3),
(254, 'A2C10', 'A2', 'C10', 4, 4),
(255, 'A2C11', 'A2', 'C11', 4, 3),
(256, 'A2C12', 'A2', 'C12', 5, 3),
(257, 'A2C2', 'A2', 'C2', 3, 5),
(258, 'A2C3', 'A2', 'C3', 3, 5),
(259, 'A2C4', 'A2', 'C4', 4, 5),
(260, 'A2C5', 'A2', 'C5', 4, 5),
(261, 'A2C6', 'A2', 'C6', 4, 5),
(262, 'A2C7', 'A2', 'C7', 3, 5),
(263, 'A2C8', 'A2', 'C8', 3, 5),
(264, 'A2C9', 'A2', 'C9', 4, 3),
(265, 'A30C1', 'A30', 'C1', 4, 3),
(266, 'A30C10', 'A30', 'C10', 4, 4),
(267, 'A30C11', 'A30', 'C11', 4, 3),
(268, 'A30C12', 'A30', 'C12', 5, 3),
(269, 'A30C2', 'A30', 'C2', 4, 5),
(270, 'A30C3', 'A30', 'C3', 4, 5),
(271, 'A30C4', 'A30', 'C4', 4, 5),
(272, 'A30C5', 'A30', 'C5', 4, 5),
(273, 'A30C6', 'A30', 'C6', 4, 5),
(274, 'A30C7', 'A30', 'C7', 4, 5),
(275, 'A30C8', 'A30', 'C8', 5, 5),
(276, 'A30C9', 'A30', 'C9', 4, 3),
(277, 'A31C1', 'A31', 'C1', 4, 3),
(278, 'A31C10', 'A31', 'C10', 4, 4),
(279, 'A31C11', 'A31', 'C11', 3, 3),
(280, 'A31C12', 'A31', 'C12', 3, 3),
(281, 'A31C2', 'A31', 'C2', 4, 5),
(282, 'A31C3', 'A31', 'C3', 3, 5),
(283, 'A31C4', 'A31', 'C4', 3, 5),
(284, 'A31C5', 'A31', 'C5', 4, 5),
(285, 'A31C6', 'A31', 'C6', 4, 5),
(286, 'A31C7', 'A31', 'C7', 4, 5),
(287, 'A31C8', 'A31', 'C8', 4, 5),
(288, 'A31C9', 'A31', 'C9', 3, 3),
(289, 'A32C1', 'A32', 'C1', 4, 3),
(290, 'A32C10', 'A32', 'C10', 4, 4),
(291, 'A32C11', 'A32', 'C11', 4, 3),
(292, 'A32C12', 'A32', 'C12', 4, 3),
(293, 'A32C2', 'A32', 'C2', 4, 5),
(294, 'A32C3', 'A32', 'C3', 4, 5),
(295, 'A32C4', 'A32', 'C4', 4, 5),
(296, 'A32C5', 'A32', 'C5', 4, 5),
(297, 'A32C6', 'A32', 'C6', 3, 5),
(298, 'A32C7', 'A32', 'C7', 3, 5),
(299, 'A32C8', 'A32', 'C8', 5, 5),
(300, 'A32C9', 'A32', 'C9', 4, 3),
(301, 'A33C1', 'A33', 'C1', 3, 3),
(302, 'A33C10', 'A33', 'C10', 4, 4),
(303, 'A33C11', 'A33', 'C11', 3, 3),
(304, 'A33C12', 'A33', 'C12', 5, 3),
(305, 'A33C2', 'A33', 'C2', 3, 5),
(306, 'A33C3', 'A33', 'C3', 3, 5),
(307, 'A33C4', 'A33', 'C4', 3, 5),
(308, 'A33C5', 'A33', 'C5', 4, 5),
(309, 'A33C6', 'A33', 'C6', 5, 5),
(310, 'A33C7', 'A33', 'C7', 5, 5),
(311, 'A33C8', 'A33', 'C8', 5, 5),
(312, 'A33C9', 'A33', 'C9', 4, 3),
(313, 'A34C1', 'A34', 'C1', 3, 3),
(314, 'A34C10', 'A34', 'C10', 4, 4),
(315, 'A34C11', 'A34', 'C11', 4, 3),
(316, 'A34C12', 'A34', 'C12', 3, 3),
(317, 'A34C2', 'A34', 'C2', 3, 5),
(318, 'A34C3', 'A34', 'C3', 3, 5),
(319, 'A34C4', 'A34', 'C4', 3, 5),
(320, 'A34C5', 'A34', 'C5', 4, 5),
(321, 'A34C6', 'A34', 'C6', 4, 5),
(322, 'A34C7', 'A34', 'C7', 4, 5),
(323, 'A34C8', 'A34', 'C8', 4, 5),
(324, 'A34C9', 'A34', 'C9', 3, 3),
(325, 'A35C1', 'A35', 'C1', 4, 3),
(326, 'A35C10', 'A35', 'C10', 3, 4),
(327, 'A35C11', 'A35', 'C11', 4, 3),
(328, 'A35C12', 'A35', 'C12', 5, 3),
(329, 'A35C2', 'A35', 'C2', 4, 5),
(330, 'A35C3', 'A35', 'C3', 4, 5),
(331, 'A35C4', 'A35', 'C4', 3, 5),
(332, 'A35C5', 'A35', 'C5', 3, 5),
(333, 'A35C6', 'A35', 'C6', 4, 5),
(334, 'A35C7', 'A35', 'C7', 4, 5),
(335, 'A35C8', 'A35', 'C8', 5, 5),
(336, 'A35C9', 'A35', 'C9', 4, 3),
(337, 'A36C1', 'A36', 'C1', 3, 3),
(338, 'A36C10', 'A36', 'C10', 3, 4),
(339, 'A36C11', 'A36', 'C11', 3, 3),
(340, 'A36C12', 'A36', 'C12', 4, 3),
(341, 'A36C2', 'A36', 'C2', 3, 5),
(342, 'A36C3', 'A36', 'C3', 3, 5),
(343, 'A36C4', 'A36', 'C4', 3, 5),
(344, 'A36C5', 'A36', 'C5', 3, 5),
(345, 'A36C6', 'A36', 'C6', 4, 5),
(346, 'A36C7', 'A36', 'C7', 4, 5),
(347, 'A36C8', 'A36', 'C8', 5, 5),
(348, 'A36C9', 'A36', 'C9', 3, 3),
(349, 'A37C1', 'A37', 'C1', 3, 3),
(350, 'A37C10', 'A37', 'C10', 3, 4),
(351, 'A37C11', 'A37', 'C11', 3, 3),
(352, 'A37C12', 'A37', 'C12', 4, 3),
(353, 'A37C2', 'A37', 'C2', 3, 5),
(354, 'A37C3', 'A37', 'C3', 3, 5),
(355, 'A37C4', 'A37', 'C4', 3, 5),
(356, 'A37C5', 'A37', 'C5', 4, 5),
(357, 'A37C6', 'A37', 'C6', 4, 5),
(358, 'A37C7', 'A37', 'C7', 4, 5),
(359, 'A37C8', 'A37', 'C8', 4, 5),
(360, 'A37C9', 'A37', 'C9', 4, 3),
(361, 'A3C1', 'A3', 'C1', 4, 3),
(362, 'A3C10', 'A3', 'C10', 5, 4),
(363, 'A3C11', 'A3', 'C11', 5, 3),
(364, 'A3C12', 'A3', 'C12', 4, 3),
(365, 'A3C2', 'A3', 'C2', 3, 5),
(366, 'A3C3', 'A3', 'C3', 3, 5),
(367, 'A3C4', 'A3', 'C4', 5, 5),
(368, 'A3C5', 'A3', 'C5', 5, 5),
(369, 'A3C6', 'A3', 'C6', 5, 5),
(370, 'A3C7', 'A3', 'C7', 5, 5),
(371, 'A3C8', 'A3', 'C8', 3, 5),
(372, 'A3C9', 'A3', 'C9', 4, 3),
(373, 'A4C1', 'A4', 'C1', 5, 3),
(374, 'A4C10', 'A4', 'C10', 4, 4),
(375, 'A4C11', 'A4', 'C11', 4, 3),
(376, 'A4C12', 'A4', 'C12', 4, 3),
(377, 'A4C2', 'A4', 'C2', 5, 5),
(378, 'A4C3', 'A4', 'C3', 4, 5),
(379, 'A4C4', 'A4', 'C4', 5, 5),
(380, 'A4C5', 'A4', 'C5', 4, 5),
(381, 'A4C6', 'A4', 'C6', 5, 5),
(382, 'A4C7', 'A4', 'C7', 4, 5),
(383, 'A4C8', 'A4', 'C8', 4, 5),
(384, 'A4C9', 'A4', 'C9', 3, 3),
(385, 'A5C1', 'A5', 'C1', 3, 3),
(386, 'A5C10', 'A5', 'C10', 3, 4),
(387, 'A5C11', 'A5', 'C11', 4, 3),
(388, 'A5C12', 'A5', 'C12', 3, 3),
(389, 'A5C2', 'A5', 'C2', 3, 5),
(390, 'A5C3', 'A5', 'C3', 3, 5),
(391, 'A5C4', 'A5', 'C4', 5, 5),
(392, 'A5C5', 'A5', 'C5', 3, 5),
(393, 'A5C6', 'A5', 'C6', 3, 5),
(394, 'A5C7', 'A5', 'C7', 4, 5),
(395, 'A5C8', 'A5', 'C8', 4, 5),
(396, 'A5C9', 'A5', 'C9', 4, 3),
(397, 'A6C1', 'A6', 'C1', 4, 3),
(398, 'A6C10', 'A6', 'C10', 3, 4),
(399, 'A6C11', 'A6', 'C11', 4, 3),
(400, 'A6C12', 'A6', 'C12', 3, 3),
(401, 'A6C2', 'A6', 'C2', 5, 5),
(402, 'A6C3', 'A6', 'C3', 3, 5),
(403, 'A6C4', 'A6', 'C4', 5, 5),
(404, 'A6C5', 'A6', 'C5', 4, 5),
(405, 'A6C6', 'A6', 'C6', 4, 5),
(406, 'A6C7', 'A6', 'C7', 4, 5),
(407, 'A6C8', 'A6', 'C8', 4, 5),
(408, 'A6C9', 'A6', 'C9', 3, 3),
(409, 'A7C1', 'A7', 'C1', 5, 3),
(410, 'A7C10', 'A7', 'C10', 5, 4),
(411, 'A7C11', 'A7', 'C11', 5, 3),
(412, 'A7C12', 'A7', 'C12', 4, 3),
(413, 'A7C2', 'A7', 'C2', 5, 5),
(414, 'A7C3', 'A7', 'C3', 4, 5),
(415, 'A7C4', 'A7', 'C4', 5, 5),
(416, 'A7C5', 'A7', 'C5', 4, 5),
(417, 'A7C6', 'A7', 'C6', 4, 5),
(418, 'A7C7', 'A7', 'C7', 4, 5),
(419, 'A7C8', 'A7', 'C8', 5, 5),
(420, 'A7C9', 'A7', 'C9', 4, 3),
(421, 'A8C1', 'A8', 'C1', 5, 3),
(422, 'A8C10', 'A8', 'C10', 5, 4),
(423, 'A8C11', 'A8', 'C11', 4, 3),
(424, 'A8C12', 'A8', 'C12', 5, 3),
(425, 'A8C2', 'A8', 'C2', 5, 5),
(426, 'A8C3', 'A8', 'C3', 4, 5),
(427, 'A8C4', 'A8', 'C4', 5, 5),
(428, 'A8C5', 'A8', 'C5', 4, 5),
(429, 'A8C6', 'A8', 'C6', 5, 5),
(430, 'A8C7', 'A8', 'C7', 5, 5),
(431, 'A8C8', 'A8', 'C8', 5, 5),
(432, 'A8C9', 'A8', 'C9', 4, 3),
(433, 'A9C1', 'A9', 'C1', 4, 3),
(434, 'A9C10', 'A9', 'C10', 3, 4),
(435, 'A9C11', 'A9', 'C11', 3, 3),
(436, 'A9C12', 'A9', 'C12', 3, 3),
(437, 'A9C2', 'A9', 'C2', 4, 5),
(438, 'A9C3', 'A9', 'C3', 3, 5),
(439, 'A9C4', 'A9', 'C4', 3, 5),
(440, 'A9C5', 'A9', 'C5', 3, 5),
(441, 'A9C6', 'A9', 'C6', 4, 5),
(442, 'A9C7', 'A9', 'C7', 4, 5),
(443, 'A9C8', 'A9', 'C8', 4, 5),
(444, 'A9C9', 'A9', 'C9', 3, 3);

-- --------------------------------------------------------

--
-- Table structure for table `user`
--

CREATE TABLE `user` (
  `id` int(11) NOT NULL,
  `nama` varchar(30) NOT NULL,
  `username` varchar(15) NOT NULL,
  `password` varchar(225) NOT NULL,
  `email` varchar(50) NOT NULL,
  `hak_akses` enum('Admin','User') NOT NULL
) ENGINE=InnoDB DEFAULT CHARSET=latin1 COLLATE=latin1_swedish_ci;

--
-- Dumping data for table `user`
--

INSERT INTO `user` (`id`, `nama`, `username`, `password`, `email`, `hak_akses`) VALUES
(1, 'Aryo Bagus', 'admin', '0192023a7bbd73250516f069df18b500', 'aryo@admin.com', 'Admin'),
(2, 'Maulana', 'user', 'ee11cbb19052e40b07aac0ca060c23ee', 'Maulh@gmail.com', 'User');

--
-- Indexes for dumped tables
--

--
-- Indexes for table `bobot`
--
ALTER TABLE `bobot`
  ADD PRIMARY KEY (`id`);

--
-- Indexes for table `guru`
--
ALTER TABLE `guru`
  ADD PRIMARY KEY (`id`);

--
-- Indexes for table `kriteria`
--
ALTER TABLE `kriteria`
  ADD PRIMARY KEY (`id`);

--
-- Indexes for table `nilai_topsis`
--
ALTER TABLE `nilai_topsis`
  ADD PRIMARY KEY (`id`);

--
-- Indexes for table `user`
--
ALTER TABLE `user`
  ADD PRIMARY KEY (`id`);

--
-- AUTO_INCREMENT for dumped tables
--

--
-- AUTO_INCREMENT for table `bobot`
--
ALTER TABLE `bobot`
  MODIFY `id` int(11) NOT NULL AUTO_INCREMENT, AUTO_INCREMENT=6;

--
-- AUTO_INCREMENT for table `guru`
--
ALTER TABLE `guru`
  MODIFY `id` int(11) NOT NULL AUTO_INCREMENT, AUTO_INCREMENT=39;

--
-- AUTO_INCREMENT for table `kriteria`
--
ALTER TABLE `kriteria`
  MODIFY `id` int(11) NOT NULL AUTO_INCREMENT, AUTO_INCREMENT=13;

--
-- AUTO_INCREMENT for table `nilai_topsis`
--
ALTER TABLE `nilai_topsis`
  MODIFY `id` int(11) NOT NULL AUTO_INCREMENT, AUTO_INCREMENT=445;

--
-- AUTO_INCREMENT for table `user`
--
ALTER TABLE `user`
  MODIFY `id` int(11) NOT NULL AUTO_INCREMENT, AUTO_INCREMENT=3;
COMMIT;

/*!40101 SET CHARACTER_SET_CLIENT=@OLD_CHARACTER_SET_CLIENT */;
/*!40101 SET CHARACTER_SET_RESULTS=@OLD_CHARACTER_SET_RESULTS */;
/*!40101 SET COLLATION_CONNECTION=@OLD_COLLATION_CONNECTION */;
